{"stats":{"minecraft:picked_up":{"minecraft:dirt":6},"minecraft:used":{"minecraft:glass_pane":16,"minecraft:oak_log":127,"webdisplays:linker":4,"minecraft:sea_lantern":3,"webdisplays:screencfg":2,"webdisplays:keyboard":3,"webdisplays:screen":24,"minecraft:oak_planks":306,"minecraft:oak_stairs":8},"minecraft:custom":{"minecraft:jump":175,"minecraft:time_since_rest":106159,"minecraft:damage_dealt":18,"minecraft:crouch_one_cm":5023,"minecraft:leave_game":8,"minecraft:play_time":106159,"minecraft:sprint_one_cm":10111,"minecraft:time_since_death":106159,"minecraft:walk_one_cm":188914,"minecraft:sneak_time":1764,"minecraft:total_world_time":106159,"minecraft:fly_one_cm":80742},"minecraft:mined":{"minecraft:grass_block":6}},"DataVersion":3465}