{"stats":{"minecraft:used":{"minecraft:oak_log":127,"minecraft:oak_planks":306,"minecraft:glass_pane":16,"minecraft:sea_lantern":3},"minecraft:mined":{"minecraft:grass_block":6},"minecraft:picked_up":{"minecraft:dirt":6},"minecraft:custom":{"minecraft:jump":123,"minecraft:time_since_rest":61725,"minecraft:leave_game":1,"minecraft:crouch_one_cm":1493,"minecraft:sprint_one_cm":8994,"minecraft:play_time":61725,"minecraft:time_since_death":61725,"minecraft:walk_one_cm":76134,"minecraft:sneak_time":339,"minecraft:total_world_time":61725,"minecraft:fly_one_cm":66056}},"DataVersion":3465}